transaction_id,product_id,store_id,customer_id,quantity,sale_date,sale_amount
1,105,204,381,3,2024-04-02,33.17
2,101,201,329,3,2024-03-25,96.27
3,104,203,310,1,2024-04-16,83.63
4,104,205,309,2,2024-03-21,75.18
5,104,202,318,3,2024-04-08,51.56
6,102,204,393,1,2024-03-30,46.95
7,104,204,326,4,2024-04-16,80.14
8,103,204,395,1,2024-03-25,56.77
9,105,203,360,1,2024-04-18,69.45
10,101,205,395,1,2024-04-12,60.96
11,101,204,360,2,2024-04-05,74.1
12,105,205,359,5,2024-04-12,18.47
13,103,202,319,4,2024-03-24,43.99
14,102,201,313,2,2024-03-22,25.04
15,101,201,302,1,2024-04-03,31.78
16,102,202,328,4,2024-04-13,28.07
17,102,201,311,2,2024-04-05,55.3
18,101,204,368,3,2024-04-09,11.71
19,102,203,362,4,2024-03-26,96.76
20,105,201,317,5,2024-03-30,56.71
21,104,202,328,5,2024-03-27,14.73
22,101,203,307,4,2024-03-25,71.38
23,104,202,301,4,2024-04-05,34.2
24,101,204,308,1,2024-03-28,19.61
25,103,202,326,1,2024-04-05,84.73
26,104,204,368,1,2024-04-16,27.81
27,101,201,360,4,2024-03-25,19.43
28,102,203,337,5,2024-04-09,15.12
29,104,205,345,3,2024-04-17,75.57
30,104,203,386,5,2024-03-23,68.97
31,104,205,373,1,2024-04-05,10.74
32,101,201,339,2,2024-03-29,29.93
33,102,202,343,5,2024-04-18,73.42
34,102,204,398,1,2024-03-24,23.69
35,102,204,337,4,2024-03-21,61.91
36,101,204,369,3,2024-04-04,29.18
37,103,201,392,2,2024-04-14,50.43
38,105,201,314,5,2024-04-11,88.07
39,104,205,314,1,2024-04-02,37.23
40,104,203,342,5,2024-04-09,71.74
41,103,203,373,3,2024-04-06,49.45
42,105,202,307,2,2024-04-01,18.65
43,103,205,395,5,2024-04-14,42.46
44,101,201,313,3,2024-04-02,85.72
45,101,201,399,2,2024-04-02,97.57
46,105,204,304,5,2024-03-24,86.06
47,101,205,317,1,2024-04-02,24.6
48,105,205,306,3,2024-04-15,41.1
49,102,201,341,1,2024-04-10,84.81
50,105,205,356,3,2024-03-27,59.85
51,102,204,330,1,2024-04-16,79.86
52,103,204,354,1,2024-04-18,80.0
53,103,201,323,5,2024-03-24,16.4
54,101,201,324,5,2024-04-12,40.82
55,102,205,337,1,2024-03-28,53.11
56,102,205,360,3,2024-03-21,95.07
57,102,203,335,5,2024-03-27,90.84
58,102,205,371,5,2024-03-22,48.07
59,104,205,307,1,2024-03-24,18.61
60,104,202,389,3,2024-04-01,46.41
61,103,201,377,1,2024-04-14,58.23
62,104,205,318,4,2024-04-14,91.4
63,101,202,396,1,2024-04-16,36.54
64,104,205,349,3,2024-03-24,37.8
65,105,201,338,5,2024-04-07,66.45
66,102,203,301,5,2024-04-08,55.47
67,103,204,375,2,2024-04-16,27.63
68,105,201,305,1,2024-04-07,23.03
69,104,201,396,5,2024-04-06,54.05
70,105,202,361,4,2024-03-29,80.15
71,105,202,311,5,2024-04-09,80.09
72,105,202,330,4,2024-03-23,97.82
73,104,203,398,5,2024-04-15,44.44
74,105,202,314,5,2024-03-30,45.28
75,105,201,320,3,2024-04-12,10.16
76,105,202,342,5,2024-03-22,84.69
77,101,205,377,4,2024-04-08,68.2
78,105,205,345,3,2024-04-02,79.29
79,104,204,352,5,2024-04-10,52.36
80,103,205,317,3,2024-03-24,92.82
81,101,204,338,5,2024-04-13,12.62
82,102,205,315,2,2024-04-03,20.38
83,102,203,337,3,2024-03-23,43.84
84,104,204,305,4,2024-04-13,17.66
85,101,205,348,2,2024-03-31,17.91
86,101,204,301,5,2024-04-18,61.02
87,102,204,350,5,2024-04-14,29.45
88,103,205,338,2,2024-04-18,66.39
89,105,201,376,1,2024-04-13,93.65
90,103,202,345,2,2024-03-31,84.15
91,101,204,370,4,2024-04-05,32.36
92,104,204,317,5,2024-03-30,18.07
93,103,204,317,3,2024-04-16,95.52
94,103,202,311,1,2024-04-03,99.5
95,101,204,306,3,2024-03-24,43.7
96,102,204,324,2,2024-04-10,51.46
97,101,205,348,5,2024-04-09,23.08
98,103,201,368,4,2024-04-18,73.92
99,103,203,339,2,2024-04-12,47.97
100,104,203,319,2,2024-04-18,82.27
101,103,202,395,3,2024-04-09,61.96
102,104,203,381,3,2024-04-01,13.85
103,103,201,332,5,2024-04-15,40.15
104,102,203,343,3,2024-04-13,82.77
105,103,201,348,1,2024-04-01,71.93
106,104,201,322,5,2024-03-21,66.93
107,104,205,398,4,2024-03-31,70.53
108,104,203,356,1,2024-04-05,64.45
109,103,204,375,2,2024-04-07,67.7
110,104,202,332,3,2024-04-18,65.84
111,105,204,384,4,2024-03-28,58.01
112,102,203,367,5,2024-04-12,78.2
113,103,203,320,3,2024-04-06,43.25
114,104,204,332,1,2024-04-09,52.77
115,102,205,320,2,2024-04-01,46.13
116,103,203,340,2,2024-04-06,28.83
117,102,205,340,3,2024-03-31,38.97
118,105,202,362,5,2024-04-12,14.95
119,103,203,398,5,2024-04-03,39.3
120,104,204,345,3,2024-03-27,45.15
121,101,205,355,3,2024-03-21,18.4
122,104,202,395,3,2024-04-11,29.84
123,103,201,363,4,2024-04-18,32.46
124,104,202,377,3,2024-04-13,30.47
125,101,205,317,4,2024-04-14,41.52
126,101,203,381,1,2024-04-11,23.04
127,101,203,307,3,2024-04-05,75.84
128,104,201,369,3,2024-04-07,40.84
129,103,205,346,5,2024-04-14,21.01
130,104,203,385,3,2024-04-12,63.42
131,101,203,331,4,2024-04-12,26.17
132,105,205,377,4,2024-03-21,15.23
133,101,202,354,3,2024-04-10,24.7
134,101,204,334,4,2024-04-12,47.8
135,103,202,391,3,2024-04-02,72.42
136,104,205,319,1,2024-04-16,67.74
137,103,202,307,4,2024-04-02,10.47
138,104,203,303,4,2024-04-18,81.4
139,101,205,327,4,2024-03-25,40.21
140,101,203,326,4,2024-03-21,71.17
141,101,203,314,3,2024-04-14,12.94
142,104,203,364,3,2024-04-18,45.44
143,101,202,392,1,2024-04-01,11.76
144,103,204,363,3,2024-04-02,83.47
145,103,201,358,4,2024-04-10,26.83
146,101,204,338,1,2024-03-28,70.71
147,105,201,346,2,2024-03-31,34.94
148,104,205,322,5,2024-03-25,22.18
149,105,204,370,1,2024-04-02,93.73
150,101,201,350,5,2024-03-28,63.55
151,105,203,326,4,2024-04-08,90.16
152,104,205,313,2,2024-04-18,37.59
153,104,204,353,5,2024-04-10,84.69
154,105,202,371,1,2024-03-22,94.75
155,102,205,348,3,2024-04-13,45.57
156,104,203,374,5,2024-04-12,91.37
157,101,203,311,3,2024-03-23,40.16
158,101,203,373,5,2024-04-08,39.21
159,101,201,391,4,2024-03-22,99.62
160,102,204,317,3,2024-03-23,95.72
161,101,205,396,2,2024-04-05,30.58
162,105,204,395,1,2024-03-24,85.35
163,102,204,339,2,2024-03-29,40.82
164,104,201,349,5,2024-03-29,98.13
165,102,201,361,5,2024-04-05,86.48
166,101,203,307,2,2024-04-16,91.44
167,101,204,371,5,2024-04-14,61.63
168,105,201,302,4,2024-04-02,36.47
169,104,203,364,1,2024-04-04,27.78
170,104,205,366,4,2024-03-25,57.51
171,102,201,322,3,2024-04-17,70.44
172,101,201,347,1,2024-04-11,76.76
173,101,205,301,1,2024-04-07,25.33
174,102,205,387,5,2024-04-05,58.23
175,103,201,337,3,2024-04-14,49.25
176,101,205,327,2,2024-04-17,28.74
177,104,205,321,3,2024-04-06,59.77
178,102,203,385,2,2024-04-02,34.83
179,102,201,335,3,2024-03-24,58.15
180,105,205,362,3,2024-04-13,28.01
181,101,203,331,2,2024-04-17,90.99
182,101,201,328,4,2024-03-22,40.43
183,104,201,374,5,2024-04-10,64.93
184,103,201,373,5,2024-04-17,20.97
185,104,205,353,5,2024-03-27,66.7
186,103,205,385,2,2024-04-18,34.48
187,105,204,324,5,2024-04-18,96.09
188,104,203,363,1,2024-04-16,45.47
189,104,204,349,3,2024-04-08,64.67
190,101,203,360,2,2024-03-22,29.42
191,104,202,344,2,2024-04-02,87.53
192,101,204,343,1,2024-03-26,82.39
193,105,201,314,3,2024-04-16,32.11
194,103,202,310,5,2024-04-11,91.99
195,104,202,328,2,2024-04-13,13.61
196,105,202,391,2,2024-04-05,77.73
197,101,203,335,2,2024-03-29,51.21
198,103,205,371,2,2024-04-18,85.19
199,104,205,342,2,2024-04-11,51.89
200,104,202,338,2,2024-03-24,15.9
201,102,205,307,1,2024-03-25,30.39
202,104,201,359,2,2024-04-17,99.49
203,105,205,386,4,2024-04-15,40.08
204,104,203,304,3,2024-04-16,24.43
205,104,202,376,3,2024-03-21,82.52
206,102,204,312,5,2024-04-16,14.06
207,102,201,330,2,2024-03-28,15.98
208,102,204,379,2,2024-03-26,36.78
209,104,202,384,1,2024-04-01,14.27
210,103,202,327,4,2024-04-13,99.61
211,103,204,381,3,2024-04-15,72.2
212,105,202,336,3,2024-03-24,56.76
213,104,202,353,5,2024-03-28,82.46
214,102,202,318,2,2024-03-22,69.62
215,103,205,381,1,2024-04-12,25.59
216,104,205,311,5,2024-03-30,29.77
217,102,203,361,5,2024-03-27,88.09
218,105,204,374,5,2024-03-26,40.33
219,103,201,400,1,2024-03-28,50.29
220,103,204,326,1,2024-04-06,45.2
221,101,204,327,2,2024-03-27,14.68
222,102,203,352,1,2024-03-21,73.41
223,101,205,380,5,2024-04-08,58.61
224,105,201,328,2,2024-04-04,70.85
225,101,201,305,5,2024-04-06,35.04
226,104,203,386,5,2024-03-24,46.62
227,103,202,354,3,2024-04-09,27.34
228,101,204,324,1,2024-04-13,47.77
229,101,204,323,3,2024-04-11,68.81
230,102,201,393,3,2024-03-28,95.02
231,102,204,344,5,2024-03-30,69.71
232,101,201,307,1,2024-04-08,57.26
233,104,205,314,5,2024-03-23,47.47
234,101,205,378,4,2024-03-23,19.5
235,104,201,318,5,2024-03-30,52.94
236,101,203,341,5,2024-04-04,23.96
237,105,204,395,1,2024-03-29,62.4
238,105,201,369,5,2024-04-02,75.72
239,101,203,319,5,2024-04-17,95.18
240,102,205,303,3,2024-03-30,36.72
241,104,204,328,5,2024-04-04,45.72
242,105,204,309,1,2024-04-09,26.47
243,104,205,380,3,2024-04-06,89.01
244,103,202,352,2,2024-03-21,84.17
245,102,201,388,2,2024-04-15,79.75
246,102,203,348,5,2024-04-15,15.16
247,103,203,364,3,2024-04-10,60.1
248,102,202,331,4,2024-03-23,31.15
249,105,203,314,2,2024-03-25,20.77
250,103,203,393,3,2024-03-30,80.35
251,105,204,347,2,2024-04-10,29.04
252,105,201,315,3,2024-04-05,55.07
253,103,204,347,5,2024-04-05,57.35
254,104,205,346,3,2024-03-24,29.2
255,104,204,398,3,2024-04-06,54.3
256,102,202,305,1,2024-03-29,14.75
257,103,201,311,5,2024-04-04,10.01
258,105,202,364,4,2024-04-02,89.23
259,104,201,319,2,2024-04-05,47.4
260,104,201,373,3,2024-03-23,91.67
261,102,201,359,3,2024-04-12,54.67
262,102,203,374,5,2024-04-07,48.8
263,102,204,314,1,2024-03-21,36.63
264,102,203,313,2,2024-04-10,17.35
265,103,203,330,4,2024-04-12,37.87
266,101,204,379,3,2024-03-30,64.76
267,104,202,378,1,2024-04-04,78.65
268,102,201,310,2,2024-04-04,58.67
269,105,202,347,2,2024-03-21,78.24
270,104,202,361,4,2024-04-10,24.2
271,102,205,377,5,2024-04-07,62.49
272,102,203,330,2,2024-04-16,89.43
273,103,201,376,2,2024-03-25,29.62
274,101,204,325,4,2024-04-03,30.49
275,101,202,360,3,2024-03-25,77.36
276,103,205,373,5,2024-03-25,83.09
277,105,205,316,4,2024-03-21,32.32
278,101,202,355,3,2024-04-16,39.84
279,105,202,333,4,2024-04-13,66.86
280,104,205,381,4,2024-04-08,45.86
281,104,203,312,4,2024-04-12,66.16
282,101,205,316,1,2024-04-13,54.68
283,101,205,326,4,2024-03-25,79.63
284,104,205,322,3,2024-04-13,86.13
285,104,203,323,3,2024-04-04,87.74
286,101,203,382,2,2024-03-25,65.04
287,104,203,393,1,2024-04-16,65.13
288,101,204,392,3,2024-04-07,50.47
289,103,204,373,1,2024-04-02,12.49
290,102,204,392,2,2024-03-31,36.93
291,101,204,393,1,2024-04-06,15.73
292,105,201,400,3,2024-03-23,49.4
293,101,201,331,5,2024-03-22,86.45
294,104,201,342,1,2024-04-18,63.71
295,105,202,310,1,2024-04-16,70.8
296,105,201,353,5,2024-03-24,26.92
297,102,202,344,4,2024-04-18,33.58
298,101,205,382,5,2024-03-25,24.68
299,103,201,351,4,2024-03-24,85.84
300,105,203,317,5,2024-04-02,35.23
301,105,204,365,1,2024-04-14,60.61
302,103,202,327,4,2024-04-14,22.7
303,105,205,308,4,2024-04-15,21.16
304,104,201,355,5,2024-04-13,41.28
305,103,204,383,1,2024-03-22,39.73
306,104,203,359,1,2024-03-31,39.6
307,101,205,376,1,2024-04-08,64.08
308,101,203,358,4,2024-03-29,38.44
309,101,201,359,4,2024-04-02,79.19
310,104,202,377,4,2024-04-05,18.16
311,105,205,314,1,2024-04-03,39.23
312,105,201,373,2,2024-04-13,70.23
313,103,201,319,2,2024-04-09,64.26
314,103,202,318,4,2024-03-28,20.76
315,105,202,343,4,2024-03-21,49.55
316,102,201,345,1,2024-03-22,37.83
317,104,202,399,1,2024-03-26,66.87
318,104,205,376,2,2024-03-22,21.69
319,104,202,388,2,2024-03-22,70.35
320,102,205,371,5,2024-04-05,51.74
321,103,201,379,1,2024-03-26,34.74
322,103,204,347,3,2024-04-17,77.27
323,104,201,355,5,2024-04-07,26.91
324,103,201,351,1,2024-03-22,23.7
325,104,201,344,3,2024-04-16,11.38
326,105,205,366,3,2024-03-25,87.52
327,105,204,379,4,2024-04-05,54.31
328,103,202,307,4,2024-04-11,56.5
329,102,203,348,3,2024-03-25,20.33
330,103,205,345,3,2024-04-17,19.7
331,101,201,310,5,2024-04-15,40.04
332,104,201,304,3,2024-03-31,56.46
333,101,203,310,4,2024-04-04,73.08
334,103,202,335,4,2024-04-10,54.93
335,105,204,395,4,2024-03-26,84.84
336,104,201,302,2,2024-04-17,43.97
337,103,203,339,5,2024-04-08,12.53
338,102,201,379,5,2024-03-22,48.35
339,103,203,381,5,2024-04-03,17.65
340,102,202,395,2,2024-04-03,38.98
341,105,203,351,5,2024-04-09,98.66
342,102,201,314,2,2024-04-05,87.16
343,101,205,387,2,2024-04-12,31.28
344,101,202,347,3,2024-03-23,43.84
345,101,203,400,2,2024-04-18,48.8
346,101,205,388,1,2024-03-21,78.75
347,101,204,338,1,2024-03-25,13.01
348,102,204,394,5,2024-03-29,13.48
349,101,203,391,1,2024-04-12,20.54
350,104,202,383,3,2024-04-04,66.55
351,102,201,387,1,2024-04-12,47.31
352,105,204,307,2,2024-04-17,86.4
353,102,205,375,1,2024-03-23,35.57
354,103,205,344,4,2024-03-23,54.03
355,105,205,302,3,2024-04-04,73.61
356,101,204,374,5,2024-03-23,59.07
357,101,203,391,4,2024-03-30,38.51
358,103,204,349,3,2024-04-18,23.73
359,101,202,380,3,2024-03-21,58.65
360,105,202,318,3,2024-03-22,22.79
361,105,203,320,1,2024-04-04,94.54
362,105,205,320,1,2024-04-11,58.59
363,102,204,366,4,2024-04-01,25.74
364,102,203,328,4,2024-04-11,74.86
365,105,201,336,2,2024-04-17,19.32
366,102,202,310,2,2024-04-13,79.45
367,102,201,314,2,2024-04-13,51.16
368,104,201,354,3,2024-03-22,21.94
369,102,204,371,5,2024-04-12,13.35
370,104,203,389,2,2024-04-05,99.4
371,104,201,311,4,2024-03-26,34.69
372,102,201,344,5,2024-04-06,95.7
373,102,205,306,2,2024-04-09,55.17
374,102,205,341,1,2024-04-05,55.27
375,101,201,316,2,2024-03-26,18.2
376,104,204,315,2,2024-03-25,95.56
377,101,201,386,3,2024-04-09,75.96
378,105,202,301,3,2024-04-14,56.69
379,102,203,336,2,2024-04-13,20.82
380,105,204,398,3,2024-03-25,25.81
381,101,205,315,1,2024-04-07,48.89
382,104,203,307,5,2024-03-27,42.6
383,103,202,389,5,2024-03-21,60.23
384,102,204,304,3,2024-03-25,16.87
385,105,204,369,2,2024-04-13,13.63
386,105,204,396,1,2024-04-10,56.0
387,105,205,328,1,2024-04-10,12.57
388,101,203,368,4,2024-03-29,15.36
389,101,202,335,3,2024-03-28,43.87
390,103,201,342,4,2024-04-16,15.56
391,101,201,314,3,2024-04-04,44.69
392,104,201,318,4,2024-04-17,31.76
393,104,203,341,2,2024-03-23,26.9
394,105,204,375,3,2024-04-05,46.42
395,102,202,339,5,2024-04-17,20.79
396,105,205,343,3,2024-04-11,41.47
397,104,204,368,5,2024-04-06,49.14
398,104,205,328,4,2024-04-09,84.7
399,104,204,361,4,2024-04-04,93.95
400,105,201,316,2,2024-04-06,37.75
401,103,204,335,5,2024-03-26,36.34
402,102,201,351,2,2024-04-02,60.99
403,103,201,345,1,2024-03-27,22.37
404,103,202,385,5,2024-04-15,41.47
405,102,202,353,3,2024-04-16,14.79
406,104,205,326,5,2024-03-23,44.12
407,104,205,376,4,2024-03-21,20.27
408,105,203,345,2,2024-04-17,60.56
409,105,203,382,1,2024-04-01,67.74
410,103,205,306,2,2024-04-07,98.84
411,102,202,384,1,2024-04-02,27.56
412,102,201,372,4,2024-03-26,28.65
413,101,203,369,2,2024-04-09,95.27
414,101,202,396,3,2024-03-26,87.82
415,103,201,394,3,2024-03-24,65.44
416,105,203,392,2,2024-04-02,85.73
417,104,202,333,2,2024-04-15,28.87
418,104,205,342,1,2024-04-09,88.66
419,103,202,383,2,2024-03-27,88.06
420,102,203,330,1,2024-04-03,32.33
421,101,201,314,2,2024-03-29,55.75
422,105,203,310,2,2024-03-25,93.68
423,102,204,355,5,2024-04-17,71.12
424,105,205,309,1,2024-03-22,69.45
425,105,204,326,4,2024-03-23,60.38
426,103,203,334,3,2024-03-29,34.19
427,101,203,318,1,2024-03-28,98.06
428,101,202,348,2,2024-04-14,50.28
429,104,202,317,3,2024-04-06,38.03
430,102,204,350,2,2024-04-06,75.57
431,102,202,363,4,2024-03-23,64.69
432,101,202,372,1,2024-04-16,40.8
433,105,204,395,1,2024-03-23,37.34
434,104,202,381,2,2024-03-23,29.31
435,104,204,387,2,2024-03-27,17.06
436,105,201,338,1,2024-04-04,66.31
437,104,204,310,2,2024-03-30,55.51
438,105,202,347,1,2024-03-24,31.14
439,104,205,313,5,2024-03-31,14.96
440,101,205,389,4,2024-04-16,11.7
441,104,204,323,1,2024-04-15,76.46
442,104,205,357,4,2024-04-18,26.94
443,102,205,379,4,2024-03-22,34.0
444,104,202,346,5,2024-04-02,11.27
445,105,201,334,1,2024-04-04,23.56
446,101,201,363,2,2024-03-27,88.7
447,104,202,305,2,2024-03-29,31.79
448,101,201,370,1,2024-04-15,95.86
449,101,204,377,1,2024-03-21,24.79
450,104,201,342,4,2024-04-18,32.79
451,102,205,313,4,2024-04-07,88.09
452,103,202,301,3,2024-04-02,48.39
453,104,203,370,4,2024-03-25,34.1
454,103,205,323,1,2024-03-21,72.35
455,104,205,398,3,2024-04-10,14.61
456,101,204,350,4,2024-04-09,90.15
457,104,203,366,2,2024-04-16,85.74
458,103,204,311,4,2024-04-04,17.72
459,101,202,371,4,2024-03-22,81.88
460,104,203,317,4,2024-03-29,96.51
461,102,202,372,4,2024-04-08,54.29
462,105,201,328,5,2024-04-14,61.13
463,104,205,339,1,2024-04-09,71.18
464,102,201,385,3,2024-04-05,34.01
465,103,202,342,1,2024-03-23,68.47
466,102,204,383,4,2024-04-07,52.74
467,105,205,371,2,2024-04-10,46.5
468,102,205,339,3,2024-04-13,91.25
469,104,203,335,1,2024-04-10,81.81
470,102,201,375,2,2024-04-16,94.11
471,104,202,341,4,2024-04-06,85.3
472,103,202,341,2,2024-03-27,13.76
473,105,202,328,1,2024-04-12,64.59
474,102,202,395,3,2024-03-22,72.79
475,105,204,337,1,2024-04-02,69.84
476,102,202,399,2,2024-03-23,34.48
477,105,204,360,2,2024-03-23,48.31
478,102,204,390,1,2024-04-01,13.51
479,103,203,328,1,2024-03-28,18.47
480,103,203,357,1,2024-03-30,60.45
481,104,201,359,2,2024-04-15,62.42
482,102,202,332,5,2024-04-14,28.11
483,103,204,349,1,2024-03-21,50.34
484,103,203,304,4,2024-04-08,52.49
485,105,202,365,2,2024-04-01,11.02
486,103,203,338,5,2024-03-31,22.83
487,103,203,340,3,2024-04-14,66.19
488,104,201,313,5,2024-03-25,99.35
489,101,204,385,3,2024-04-03,68.54
490,105,204,376,5,2024-04-01,20.82
491,103,203,377,2,2024-04-05,83.93
492,101,202,392,4,2024-03-30,48.84
493,101,204,348,2,2024-04-02,17.53
494,103,201,358,5,2024-03-26,63.98
495,104,204,322,5,2024-04-10,30.52
496,102,201,313,3,2024-04-05,47.51
497,104,202,318,1,2024-04-07,38.65
498,103,203,340,2,2024-04-16,67.86
499,105,202,332,3,2024-04-01,48.79
500,102,202,330,5,2024-04-12,19.36
501,102,201,356,5,2024-03-25,29.41
502,103,202,366,1,2024-04-16,55.04
503,103,203,338,2,2024-04-07,81.03
504,105,204,301,5,2024-03-23,10.88
505,104,201,324,4,2024-04-04,65.12
506,105,201,314,1,2024-04-10,20.43
507,103,202,309,1,2024-04-01,64.36
508,105,202,385,3,2024-04-11,85.31
509,103,202,354,3,2024-04-09,30.56
510,102,205,383,3,2024-04-07,54.6
511,105,203,381,5,2024-03-23,79.66
512,101,202,314,1,2024-03-29,25.8
513,102,205,309,2,2024-03-24,23.73
514,101,201,307,4,2024-04-14,91.45
515,103,203,328,5,2024-04-08,72.52
516,101,205,338,5,2024-04-16,76.29
517,104,201,336,2,2024-03-29,85.96
518,103,204,341,5,2024-04-11,58.55
519,101,204,327,2,2024-03-30,53.96
520,103,203,395,2,2024-03-29,60.06
521,104,205,377,1,2024-04-11,74.53
522,101,205,358,5,2024-04-18,45.18
523,101,201,346,5,2024-04-14,18.57
524,102,204,381,4,2024-03-29,22.2
525,101,204,359,2,2024-03-22,97.65
526,101,202,324,4,2024-03-25,14.65
527,103,205,373,4,2024-04-08,74.05
528,104,203,381,4,2024-03-26,94.93
529,105,204,319,3,2024-04-10,21.63
530,104,203,375,1,2024-04-06,75.0
531,104,203,316,2,2024-03-28,37.22
532,101,202,389,5,2024-03-23,31.33
533,105,204,365,3,2024-04-12,86.74
534,105,203,304,3,2024-03-22,91.84
535,104,204,391,3,2024-04-16,41.23
536,103,202,321,5,2024-04-07,66.94
537,105,201,348,3,2024-04-06,25.83
538,105,201,363,3,2024-04-03,81.08
539,104,201,398,5,2024-04-10,89.31
540,102,203,325,1,2024-04-10,38.68
541,105,203,383,3,2024-03-25,68.77
542,104,203,341,2,2024-04-05,88.88
543,102,204,310,1,2024-04-18,11.38
544,104,205,373,5,2024-04-18,87.02
545,104,204,372,1,2024-04-03,61.49
546,103,201,393,1,2024-04-01,47.26
547,101,205,342,4,2024-04-06,57.04
548,102,202,320,5,2024-04-02,84.17
549,101,205,387,1,2024-03-28,74.99
550,102,202,368,5,2024-03-25,55.11
551,102,203,379,3,2024-04-07,53.89
552,105,201,367,5,2024-04-03,90.93
553,103,203,388,1,2024-03-21,30.91
554,103,204,325,5,2024-03-30,18.61
555,104,203,385,4,2024-04-18,71.08
556,101,203,336,4,2024-04-04,73.2
557,104,205,347,4,2024-03-21,61.15
558,103,202,333,5,2024-04-14,33.63
559,104,201,335,1,2024-03-21,36.64
560,103,203,343,3,2024-03-31,65.53
561,103,203,393,2,2024-04-01,34.57
562,102,202,338,3,2024-03-24,54.97
563,104,204,383,4,2024-04-10,39.89
564,102,204,356,1,2024-03-24,55.94
565,104,205,336,5,2024-04-14,30.64
566,103,202,400,5,2024-04-08,27.83
567,103,203,366,1,2024-04-17,76.06
568,105,204,394,1,2024-03-27,44.72
569,102,204,321,4,2024-04-17,30.93
570,101,201,400,4,2024-04-04,87.26
571,104,201,347,1,2024-03-31,46.15
572,101,205,399,4,2024-04-15,20.43
573,105,204,392,2,2024-04-02,73.72
574,103,204,363,5,2024-03-29,35.2
575,102,202,363,4,2024-04-13,60.87
576,101,201,379,4,2024-03-23,66.13
577,102,201,331,4,2024-04-15,96.63
578,103,204,392,1,2024-04-03,27.2
579,102,205,352,2,2024-04-05,35.58
580,102,204,305,4,2024-04-10,93.9
581,104,203,369,2,2024-04-11,74.65
582,101,201,307,2,2024-04-07,50.44
583,105,201,342,1,2024-04-10,76.13
584,102,202,304,4,2024-03-24,47.2
585,102,205,340,2,2024-03-23,46.9
586,105,202,328,4,2024-04-10,24.08
587,101,201,314,4,2024-03-23,56.98
588,103,205,345,3,2024-03-31,33.64
589,104,204,301,5,2024-04-13,67.02
590,105,204,375,4,2024-03-30,45.87
591,102,205,394,1,2024-03-26,86.83
592,103,203,379,5,2024-03-21,79.42
593,104,204,301,1,2024-04-12,23.31
594,105,202,301,1,2024-03-30,63.2
595,102,204,397,1,2024-04-13,74.24
596,101,204,312,3,2024-04-07,56.3
597,105,203,330,5,2024-04-03,20.26
598,102,204,306,1,2024-04-06,55.29
599,103,202,370,3,2024-03-28,48.96
600,105,202,358,5,2024-04-14,39.32
601,104,202,331,1,2024-04-15,62.43
602,101,201,319,1,2024-03-31,39.24
603,105,204,317,4,2024-04-01,31.2
604,105,204,382,5,2024-04-06,76.23
605,101,205,376,2,2024-03-24,29.2
606,103,203,310,1,2024-03-27,82.48
607,104,201,310,1,2024-03-23,98.12
608,102,204,391,1,2024-04-06,49.71
609,103,202,377,4,2024-04-18,83.12
610,102,201,365,4,2024-04-18,25.15
611,104,201,329,4,2024-04-12,81.76
612,103,202,378,5,2024-04-15,96.62
613,105,205,388,3,2024-04-09,56.53
614,103,204,359,5,2024-04-10,33.01
615,102,203,349,3,2024-03-30,24.47
616,105,205,328,2,2024-03-22,92.5
617,101,203,326,5,2024-04-15,39.21
618,103,203,385,1,2024-04-08,54.73
619,103,204,377,2,2024-03-26,49.01
620,105,201,325,1,2024-03-24,49.17
621,103,202,306,3,2024-03-29,78.87
622,105,203,335,4,2024-03-22,94.16
623,101,205,377,3,2024-04-06,67.31
624,103,204,360,5,2024-04-10,96.14
625,102,204,344,2,2024-04-12,27.14
626,103,205,380,2,2024-03-27,60.75
627,105,203,360,2,2024-04-11,71.7
628,105,203,322,3,2024-03-31,74.35
629,102,203,313,5,2024-03-28,78.03
630,102,205,399,4,2024-04-03,39.98
631,105,203,306,2,2024-04-14,89.4
632,105,205,321,4,2024-04-07,21.85
633,103,204,332,2,2024-03-23,35.07
634,105,205,399,2,2024-04-07,52.18
635,102,202,324,3,2024-03-23,63.28
636,103,201,320,1,2024-04-06,36.58
637,105,201,386,2,2024-03-21,91.7
638,101,202,348,1,2024-04-18,50.67
639,102,205,307,3,2024-04-13,19.03
640,101,201,369,2,2024-03-24,83.71
641,103,202,374,5,2024-04-12,96.89
642,102,203,325,2,2024-04-05,41.17
643,103,202,348,2,2024-03-27,59.92
644,104,201,333,5,2024-03-22,62.48
645,102,205,375,5,2024-03-22,82.15
646,103,205,391,2,2024-03-25,23.67
647,101,205,392,4,2024-03-23,85.71
648,103,201,317,3,2024-04-13,74.94
649,105,203,399,4,2024-03-31,13.14
650,105,205,323,2,2024-04-06,61.02
651,101,204,329,1,2024-04-04,12.52
652,103,203,329,5,2024-03-21,54.68
653,102,202,379,5,2024-04-15,63.95
654,101,204,390,1,2024-03-26,67.14
655,103,203,306,3,2024-04-09,93.42
656,104,201,367,3,2024-03-30,36.74
657,105,204,336,2,2024-04-13,86.01
658,101,203,376,2,2024-03-23,50.7
659,103,203,352,5,2024-04-17,70.02
660,104,203,378,1,2024-04-17,82.71
661,105,203,400,1,2024-04-18,75.16
662,104,205,357,4,2024-03-29,81.6
663,101,204,396,3,2024-03-24,67.25
664,103,203,395,3,2024-04-03,82.07
665,104,202,306,2,2024-03-22,91.81
666,104,203,330,2,2024-04-08,91.4
667,104,205,392,3,2024-04-06,39.51
668,102,204,354,4,2024-04-05,97.48
669,104,204,366,2,2024-03-22,15.19
670,103,203,362,2,2024-03-23,65.48
671,103,203,327,4,2024-04-15,54.57
672,103,202,329,5,2024-03-30,30.74
673,105,204,340,3,2024-03-29,58.16
674,104,204,398,1,2024-04-08,15.94
675,101,204,348,1,2024-03-30,59.83
676,105,201,333,1,2024-04-09,86.9
677,102,204,305,1,2024-04-13,22.69
678,103,204,355,1,2024-04-05,39.28
679,102,202,301,5,2024-03-21,66.8
680,105,202,312,3,2024-04-10,42.34
681,102,205,352,2,2024-04-01,47.35
682,105,202,400,1,2024-03-23,40.46
683,102,204,369,4,2024-04-05,53.44
684,103,204,327,1,2024-03-24,43.59
685,104,204,316,5,2024-04-15,22.98
686,103,202,393,3,2024-04-18,27.89
687,103,203,317,4,2024-03-27,17.13
688,103,201,371,1,2024-04-04,52.09
689,104,205,396,5,2024-03-29,86.09
690,103,203,303,1,2024-04-04,18.15
691,105,201,318,1,2024-03-26,69.29
692,102,202,366,4,2024-04-12,47.82
693,104,205,333,5,2024-04-03,88.42
694,101,205,398,3,2024-04-13,42.7
695,105,202,339,5,2024-03-27,72.5
696,104,203,369,3,2024-04-18,45.92
697,102,201,395,3,2024-04-11,58.78
698,104,204,305,3,2024-04-11,79.75
699,105,204,380,3,2024-04-01,97.11
700,105,201,322,5,2024-04-18,22.14
701,101,204,311,4,2024-03-23,57.62
702,103,203,317,3,2024-04-03,21.9
703,102,202,303,2,2024-04-07,12.75
704,105,204,347,3,2024-04-07,77.32
705,105,202,362,2,2024-03-31,98.49
706,102,204,347,1,2024-04-07,63.59
707,105,204,333,3,2024-04-12,16.52
708,101,205,324,2,2024-03-27,15.56
709,101,204,362,3,2024-04-11,38.31
710,103,205,302,5,2024-03-29,44.28
711,104,201,337,4,2024-04-15,10.35
712,102,204,390,1,2024-03-30,85.84
713,101,204,309,4,2024-04-13,52.17
714,101,204,348,4,2024-04-01,99.61
715,101,205,392,5,2024-04-18,89.57
716,101,204,301,2,2024-04-07,55.07
717,103,203,336,1,2024-04-17,66.44
718,105,201,327,4,2024-03-31,38.31
719,101,202,363,3,2024-03-28,37.3
720,103,202,353,2,2024-03-21,21.72
721,104,205,323,1,2024-03-23,59.09
722,105,201,332,4,2024-04-04,17.35
723,104,201,302,4,2024-03-29,50.22
724,105,202,394,2,2024-03-24,38.96
725,105,205,304,3,2024-03-31,81.15
726,105,203,304,4,2024-04-09,44.33
727,103,201,399,5,2024-04-12,91.13
728,102,202,337,5,2024-04-14,27.06
729,104,203,343,2,2024-04-07,93.75
730,105,203,321,1,2024-04-01,63.4
731,105,203,306,2,2024-04-18,20.82
732,101,204,389,2,2024-04-07,55.19
733,101,203,384,1,2024-03-26,34.11
734,103,203,355,1,2024-03-22,77.41
735,105,202,304,1,2024-03-25,68.62
736,104,205,384,3,2024-03-31,15.65
737,104,204,324,4,2024-04-10,47.58
738,101,202,349,2,2024-03-28,89.84
739,101,202,395,5,2024-03-30,46.7
740,102,203,331,1,2024-04-16,76.93
741,105,204,390,1,2024-03-31,20.2
742,105,205,308,1,2024-03-21,88.02
743,101,205,343,4,2024-04-12,55.22
744,101,202,313,5,2024-03-25,95.28
745,101,204,305,2,2024-04-04,58.36
746,102,202,328,4,2024-04-07,79.23
747,102,202,377,3,2024-04-17,97.49
748,102,205,375,5,2024-03-29,75.64
749,105,205,344,5,2024-04-05,61.95
750,102,202,354,3,2024-04-05,43.0
751,105,205,311,2,2024-04-17,13.83
752,101,205,344,5,2024-04-08,48.93
753,105,203,307,1,2024-03-30,47.12
754,104,203,372,2,2024-03-26,84.08
755,103,201,301,4,2024-04-05,27.03
756,101,201,352,3,2024-03-30,76.84
757,104,202,335,1,2024-04-04,13.38
758,103,202,397,1,2024-04-18,89.77
759,104,202,324,1,2024-04-07,70.11
760,103,202,365,4,2024-04-11,48.02
761,103,205,372,1,2024-04-15,33.9
762,102,201,331,5,2024-04-04,26.6
763,104,202,319,1,2024-04-18,62.71
764,104,203,333,2,2024-04-10,46.92
765,101,205,303,5,2024-04-15,76.87
766,105,201,339,1,2024-04-07,91.61
767,104,205,313,4,2024-03-26,36.61
768,104,204,365,1,2024-03-29,68.49
769,101,202,373,4,2024-04-17,48.04
770,101,203,304,5,2024-04-12,13.85
771,102,201,314,5,2024-04-04,65.39
772,105,205,391,5,2024-03-21,42.73
773,105,201,304,5,2024-04-14,11.24
774,102,204,371,4,2024-04-08,52.51
775,101,203,307,2,2024-04-15,18.25
776,101,205,321,4,2024-03-21,66.54
777,101,204,359,4,2024-04-03,57.38
778,104,203,303,1,2024-03-27,55.03
779,105,202,386,1,2024-04-12,94.32
780,105,201,348,4,2024-04-07,89.24
781,103,204,353,3,2024-03-29,74.25
782,103,201,359,2,2024-04-16,61.98
783,104,201,383,5,2024-03-26,32.71
784,104,204,381,5,2024-04-15,10.73
785,105,204,358,5,2024-04-01,20.77
786,103,205,344,1,2024-04-08,38.83
787,102,203,334,1,2024-04-18,27.71
788,101,202,370,2,2024-04-12,61.3
789,105,203,394,2,2024-04-17,58.15
790,102,202,380,4,2024-03-28,45.08
791,104,202,390,1,2024-04-04,82.05
792,101,205,325,5,2024-03-29,75.8
793,104,203,361,4,2024-03-27,71.91
794,103,204,365,3,2024-03-22,55.24
795,102,201,362,3,2024-04-15,13.91
796,101,205,378,2,2024-04-01,48.52
797,101,205,313,1,2024-04-11,54.93
798,104,205,371,1,2024-04-04,50.31
799,105,204,350,3,2024-03-26,10.4
800,102,201,304,2,2024-03-25,68.72
801,101,202,333,2,2024-04-07,33.17
802,101,204,350,1,2024-04-05,14.02
803,103,203,400,1,2024-04-18,55.31
804,102,203,314,3,2024-04-18,92.85
805,102,204,376,5,2024-03-31,12.65
806,101,205,318,2,2024-03-27,11.24
807,102,204,369,1,2024-04-01,62.9
808,102,201,388,2,2024-03-24,58.87
809,101,202,348,5,2024-04-09,11.41
810,101,202,375,3,2024-04-13,19.28
811,104,202,339,5,2024-04-06,85.28
812,104,202,349,3,2024-04-01,50.74
813,104,205,337,2,2024-03-26,21.19
814,104,203,394,4,2024-04-15,24.03
815,102,203,326,2,2024-03-22,65.03
816,103,204,336,4,2024-03-24,39.58
817,101,202,372,2,2024-04-15,12.31
818,101,203,365,5,2024-04-16,67.24
819,105,201,365,3,2024-03-29,12.91
820,103,204,309,2,2024-04-13,19.93
821,103,205,368,1,2024-03-29,24.29
822,101,203,307,3,2024-04-12,22.9
823,103,202,308,5,2024-04-10,78.54
824,105,205,352,2,2024-04-18,18.41
825,102,201,378,3,2024-04-06,23.38
826,104,201,383,1,2024-03-24,50.23
827,105,201,318,3,2024-04-12,22.61
828,104,205,304,2,2024-04-11,77.22
829,101,203,309,1,2024-04-09,53.9
830,102,203,348,2,2024-03-23,89.17
831,105,202,344,4,2024-04-12,13.43
832,103,205,362,3,2024-04-13,86.97
833,102,203,304,1,2024-04-14,23.84
834,105,204,345,2,2024-04-11,93.31
835,102,202,376,4,2024-03-30,39.34
836,101,203,350,2,2024-04-03,55.97
837,103,204,351,2,2024-03-27,12.13
838,104,202,311,3,2024-04-15,75.62
839,104,201,344,3,2024-04-11,29.24
840,104,201,380,4,2024-03-25,92.5
841,105,204,392,3,2024-03-29,69.56
842,102,201,363,1,2024-04-10,35.53
843,103,204,400,4,2024-03-31,33.48
844,103,202,383,3,2024-03-27,25.34
845,105,203,363,5,2024-03-27,82.17
846,103,202,336,1,2024-03-28,49.46
847,103,204,386,2,2024-04-04,34.93
848,102,205,329,1,2024-04-11,95.75
849,102,205,360,1,2024-03-25,82.2
850,102,204,398,1,2024-04-16,62.77
851,105,201,390,5,2024-03-21,82.22
852,105,204,375,1,2024-04-16,20.81
853,105,203,302,5,2024-04-02,70.49
854,103,202,322,5,2024-04-05,39.17
855,104,204,326,3,2024-03-21,71.88
856,103,203,311,5,2024-03-25,96.55
857,102,205,342,5,2024-03-22,80.23
858,104,204,314,4,2024-04-05,60.9
859,101,201,352,5,2024-04-17,77.1
860,104,204,367,1,2024-03-23,52.15
861,102,205,383,2,2024-03-23,35.2
862,102,203,385,5,2024-04-05,13.66
863,102,204,308,5,2024-03-24,70.95
864,102,204,341,3,2024-04-08,22.83
865,101,201,357,3,2024-03-23,51.34
866,104,204,386,1,2024-03-26,70.01
867,101,202,338,4,2024-03-28,90.22
868,103,204,347,5,2024-03-22,64.84
869,104,203,384,2,2024-04-05,29.6
870,103,202,391,5,2024-03-26,52.67
871,103,201,356,4,2024-03-21,70.09
872,103,203,307,4,2024-03-28,27.58
873,102,201,301,2,2024-04-12,75.9
874,104,204,309,1,2024-03-31,78.74
875,105,204,386,5,2024-03-22,57.03
876,104,204,338,5,2024-03-23,87.29
877,102,205,368,3,2024-03-26,30.23
878,104,205,347,1,2024-04-11,58.4
879,102,205,342,2,2024-04-05,90.47
880,104,202,393,5,2024-03-29,73.37
881,104,205,364,4,2024-04-15,82.62
882,103,204,358,1,2024-04-08,29.99
883,101,204,340,4,2024-04-15,61.55
884,104,201,366,4,2024-04-13,39.16
885,105,203,352,5,2024-04-13,69.3
886,101,203,362,2,2024-03-27,57.03
887,105,202,370,2,2024-04-17,66.29
888,104,203,359,2,2024-03-31,65.59
889,102,202,392,5,2024-04-18,76.28
890,104,201,396,3,2024-04-06,81.9
891,103,204,341,2,2024-04-05,15.57
892,102,204,374,4,2024-04-16,95.35
893,105,202,354,4,2024-03-28,46.58
894,104,205,308,3,2024-03-31,25.31
895,104,201,400,1,2024-04-02,92.98
896,102,204,348,5,2024-04-15,80.56
897,104,204,370,5,2024-04-06,47.83
898,101,201,342,4,2024-04-10,63.99
899,105,202,329,2,2024-03-21,30.36
900,104,205,386,2,2024-03-23,47.18
901,104,202,312,3,2024-03-21,46.08
902,102,201,304,1,2024-04-15,77.86
903,103,203,319,2,2024-04-09,48.86
904,105,202,336,2,2024-04-06,77.94
905,101,203,347,4,2024-04-01,81.11
906,101,201,318,2,2024-04-07,44.71
907,102,203,328,5,2024-04-03,49.61
908,101,204,355,2,2024-04-18,56.86
909,103,203,374,2,2024-04-05,10.32
910,104,205,320,1,2024-03-21,27.55
911,105,205,372,5,2024-03-27,86.24
912,104,201,372,3,2024-03-29,78.48
913,102,205,344,5,2024-03-21,16.94
914,104,203,345,3,2024-04-12,67.14
915,103,204,347,1,2024-04-14,11.87
916,101,201,335,1,2024-04-17,58.08
917,105,202,334,4,2024-04-15,24.53
918,103,204,375,1,2024-04-09,86.81
919,102,202,370,2,2024-03-27,65.33
920,105,201,393,5,2024-03-23,15.76
921,104,202,347,3,2024-04-04,67.71
922,102,204,333,5,2024-03-31,90.3
923,104,205,384,5,2024-03-25,76.03
924,103,201,340,5,2024-03-25,20.37
925,103,205,331,5,2024-04-04,69.86
926,102,205,396,5,2024-03-21,64.96
927,101,205,348,1,2024-03-31,66.82
928,102,204,302,5,2024-04-09,81.56
929,101,203,333,5,2024-03-30,37.4
930,102,205,364,3,2024-04-16,41.99
931,102,203,346,5,2024-04-08,28.16
932,105,201,356,5,2024-04-01,51.15
933,101,202,365,5,2024-03-23,46.89
934,101,205,386,2,2024-04-17,17.57
935,103,203,323,2,2024-03-28,31.83
936,104,201,328,2,2024-03-27,20.79
937,103,204,306,5,2024-04-01,59.91
938,101,201,336,1,2024-03-26,26.85
939,105,204,336,2,2024-03-24,39.3
940,101,202,368,4,2024-04-04,83.53
941,104,202,329,2,2024-03-24,61.47
942,104,203,392,3,2024-03-27,56.76
943,102,204,310,1,2024-04-03,94.99
944,105,204,344,3,2024-03-31,49.36
945,103,202,304,3,2024-03-31,89.53
946,105,201,312,2,2024-04-07,62.01
947,102,201,352,3,2024-03-27,46.48
948,101,203,387,3,2024-03-25,41.15
949,104,202,305,1,2024-04-13,91.3
950,101,202,330,2,2024-04-07,60.87
951,101,205,361,1,2024-04-12,32.65
952,102,203,345,5,2024-04-09,56.75
953,103,202,303,2,2024-03-21,32.48
954,101,205,395,3,2024-04-07,31.66
955,104,204,370,2,2024-04-03,21.62
956,104,205,348,2,2024-04-06,72.04
957,103,202,377,5,2024-04-06,80.29
958,103,201,318,1,2024-04-05,39.13
959,102,203,380,2,2024-04-13,46.84
960,105,204,357,2,2024-03-31,81.38
961,104,201,342,4,2024-04-09,11.47
962,101,203,325,2,2024-04-10,39.95
963,102,204,386,1,2024-03-28,37.68
964,103,204,304,4,2024-04-10,58.91
965,101,202,361,3,2024-04-10,90.54
966,105,205,347,3,2024-04-18,13.65
967,103,201,332,2,2024-04-18,85.85
968,105,205,371,1,2024-04-06,60.14
969,105,202,352,2,2024-03-29,62.89
970,104,202,398,3,2024-03-29,96.13
971,104,201,348,2,2024-03-24,21.55
972,105,204,312,2,2024-03-22,34.9
973,104,203,363,3,2024-03-28,30.7
974,103,204,309,3,2024-03-31,52.2
975,105,205,363,4,2024-04-03,62.18
976,105,201,304,4,2024-03-26,75.51
977,102,202,356,1,2024-03-27,14.77
978,102,204,355,1,2024-04-06,48.35
979,102,201,342,3,2024-04-01,93.18
980,102,203,355,1,2024-03-26,51.63
981,101,202,326,1,2024-04-09,83.59
982,102,204,307,4,2024-04-05,20.08
983,103,202,372,3,2024-04-16,36.07
984,101,205,364,4,2024-04-18,76.19
985,103,203,394,2,2024-04-09,65.92
986,102,203,370,3,2024-04-12,49.88
987,105,203,339,5,2024-03-26,70.2
988,101,205,368,1,2024-03-22,79.39
989,105,204,308,1,2024-04-15,90.78
990,103,204,344,3,2024-03-30,49.63
991,103,204,324,5,2024-04-12,67.83
992,101,204,389,3,2024-04-17,44.33
993,103,204,330,1,2024-04-17,93.43
994,101,201,352,1,2024-04-13,53.26
995,103,205,318,3,2024-04-17,46.95
996,105,203,357,2,2024-04-17,94.55
997,104,204,344,4,2024-04-15,10.18
998,102,204,334,3,2024-03-27,39.88
999,102,203,349,2,2024-04-13,85.44
1000,104,203,379,5,2024-03-23,50.63
